load_cartii,2022-05-22 02:02:05
add_autori,2022-05-22 02:02:24
add_autori,2022-05-22 02:03:48
add_edituri,2022-05-22 02:04:49
load_cartii,2022-05-22 02:05:41
load_cartii,2022-05-22 02:06:06
add_categorii,2022-05-22 02:06:31
add_categorii,2022-05-22 02:07:27
load_cartii,2022-05-22 02:07:34
add_categorii,2022-05-22 02:07:48
add_autori,2022-05-22 02:14:36
add_edituri,2022-05-22 02:14:49
add_categorii,2022-05-22 02:14:58
add_carti,2022-05-22 02:15:22
load_cartii,2022-05-22 02:15:48
load_autori,2022-05-22 02:20:44
load_edituri,2022-05-22 02:20:44
load_categorii,2022-05-22 02:20:44
load_cartii,2022-05-22 02:20:44
load_autori,2022-05-22 02:23:45
load_edituri,2022-05-22 02:23:45
load_categorii,2022-05-22 02:23:45
load_cartii,2022-05-22 02:23:45
load_autori,2022-05-22 02:25:23
load_edituri,2022-05-22 02:25:23
load_categorii,2022-05-22 02:25:23
load_cartii,2022-05-22 02:25:23
add_autori,2022-05-22 02:25:50
add_edituri,2022-05-22 02:26:56
add_autori,2022-05-22 02:32:14
add_clienti,2022-05-22 02:33:01
load_autori,2022-05-22 11:52:13
load_edituri,2022-05-22 11:52:14
load_categorii,2022-05-22 11:52:14
load_cartii,2022-05-22 11:52:14
add_clienti,2022-05-22 11:53:52
load_autori,2022-05-22 12:02:32
load_edituri,2022-05-22 12:02:32
load_categorii,2022-05-22 12:02:32
load_cartii,2022-05-22 12:02:32
load_autori,2022-05-22 12:04:46
load_edituri,2022-05-22 12:04:46
load_categorii,2022-05-22 12:04:46
load_cartii,2022-05-22 12:04:46
load_autori,2022-05-22 12:05:44
load_edituri,2022-05-22 12:05:44
load_categorii,2022-05-22 12:05:44
load_cartii,2022-05-22 12:05:44
load_autori,2022-05-22 12:07:02
load_edituri,2022-05-22 12:07:02
load_categorii,2022-05-22 12:07:02
load_cartii,2022-05-22 12:07:02
load_autori,2022-05-22 12:09:16
load_edituri,2022-05-22 12:09:16
load_categorii,2022-05-22 12:09:16
load_cartii,2022-05-22 12:09:16
load_autori,2022-05-22 12:09:16
load_categorii,2022-05-22 12:09:16
load_edituri,2022-05-22 12:09:16
load_autori,2022-05-22 12:10:30
load_edituri,2022-05-22 12:10:30
load_categorii,2022-05-22 12:10:30
load_cartii,2022-05-22 12:10:30
load_autori,2022-05-22 12:10:30
load_categorii,2022-05-22 12:10:30
load_edituri,2022-05-22 12:10:30
load_autori,2022-05-22 12:13:04
load_edituri,2022-05-22 12:13:04
load_categorii,2022-05-22 12:13:04
load_cartii,2022-05-22 12:13:04
load_autori,2022-05-22 12:13:04
load_categorii,2022-05-22 12:13:04
load_edituri,2022-05-22 12:13:04
add_carti,2022-05-22 12:16:37
add_carti,2022-05-22 12:17:18
load_autori,2022-05-22 12:20:07
load_edituri,2022-05-22 12:20:07
load_categorii,2022-05-22 12:20:07
load_autori,2022-05-22 12:20:07
load_edituri,2022-05-22 12:20:07
load_categorii,2022-05-22 12:20:07
load_cartii,2022-05-22 12:20:07
load_autori,2022-05-22 12:20:07
load_categorii,2022-05-22 12:20:07
load_edituri,2022-05-22 12:20:07
add_carti,2022-05-22 12:22:01
add_carti,2022-05-22 12:23:18
load_autori,2022-05-22 12:23:40
load_edituri,2022-05-22 12:23:40
load_categorii,2022-05-22 12:23:40
load_autori,2022-05-22 12:23:40
load_edituri,2022-05-22 12:23:40
load_categorii,2022-05-22 12:23:40
load_autori,2022-05-22 12:23:40
load_edituri,2022-05-22 12:23:40
load_categorii,2022-05-22 12:23:40
load_autori,2022-05-22 12:23:40
load_edituri,2022-05-22 12:23:40
load_categorii,2022-05-22 12:23:40
load_autori,2022-05-22 12:23:40
load_edituri,2022-05-22 12:23:40
load_categorii,2022-05-22 12:23:40
load_cartii,2022-05-22 12:23:40
load_autori,2022-05-22 12:23:40
load_categorii,2022-05-22 12:23:40
load_edituri,2022-05-22 12:23:40
load_autori,2022-05-22 12:24:05
load_edituri,2022-05-22 12:24:05
load_categorii,2022-05-22 12:24:05
load_autori,2022-05-22 12:24:05
load_edituri,2022-05-22 12:24:05
load_categorii,2022-05-22 12:24:05
load_autori,2022-05-22 12:24:05
load_edituri,2022-05-22 12:24:05
load_categorii,2022-05-22 12:24:05
load_autori,2022-05-22 12:24:05
load_edituri,2022-05-22 12:24:05
load_categorii,2022-05-22 12:24:05
load_autori,2022-05-22 12:24:05
load_edituri,2022-05-22 12:24:05
load_categorii,2022-05-22 12:24:05
load_cartii,2022-05-22 12:24:05
load_autori,2022-05-22 12:24:05
load_categorii,2022-05-22 12:24:05
load_edituri,2022-05-22 12:24:05
load_autori,2022-05-22 12:26:04
load_edituri,2022-05-22 12:26:04
load_categorii,2022-05-22 12:26:04
load_autori,2022-05-22 12:26:04
load_edituri,2022-05-22 12:26:04
load_categorii,2022-05-22 12:26:04
load_autori,2022-05-22 12:26:04
load_edituri,2022-05-22 12:26:04
load_categorii,2022-05-22 12:26:04
load_autori,2022-05-22 12:26:04
load_edituri,2022-05-22 12:26:04
load_categorii,2022-05-22 12:26:04
load_autori,2022-05-22 12:26:04
load_edituri,2022-05-22 12:26:04
load_categorii,2022-05-22 12:26:04
load_cartii,2022-05-22 12:26:04
load_autori,2022-05-22 12:26:04
load_categorii,2022-05-22 12:26:04
load_edituri,2022-05-22 12:26:04
load_clienti,2022-05-22 12:26:04
load_autori,2022-05-22 12:27:56
load_edituri,2022-05-22 12:27:56
load_categorii,2022-05-22 12:27:56
load_autori,2022-05-22 12:27:56
load_edituri,2022-05-22 12:27:56
load_categorii,2022-05-22 12:27:56
load_autori,2022-05-22 12:27:56
load_edituri,2022-05-22 12:27:56
load_categorii,2022-05-22 12:27:56
load_autori,2022-05-22 12:27:56
load_edituri,2022-05-22 12:27:56
load_categorii,2022-05-22 12:27:56
load_autori,2022-05-22 12:27:56
load_edituri,2022-05-22 12:27:56
load_categorii,2022-05-22 12:27:56
load_cartii,2022-05-22 12:27:56
load_autori,2022-05-22 12:27:56
load_categorii,2022-05-22 12:27:56
load_edituri,2022-05-22 12:27:56
load_clienti,2022-05-22 12:27:56
load_autori,2022-05-22 13:22:08
load_edituri,2022-05-22 13:22:08
load_categorii,2022-05-22 13:22:08
load_autori,2022-05-22 13:22:08
load_edituri,2022-05-22 13:22:08
load_categorii,2022-05-22 13:22:08
load_autori,2022-05-22 13:22:08
load_edituri,2022-05-22 13:22:08
load_categorii,2022-05-22 13:22:08
load_autori,2022-05-22 13:22:08
load_edituri,2022-05-22 13:22:08
load_categorii,2022-05-22 13:22:08
load_autori,2022-05-22 13:22:08
load_edituri,2022-05-22 13:22:08
load_categorii,2022-05-22 13:22:08
load_cartii,2022-05-22 13:22:08
load_autori,2022-05-22 13:22:08
load_categorii,2022-05-22 13:22:08
load_edituri,2022-05-22 13:22:08
load_clienti,2022-05-22 13:22:08
load_autori,2022-05-22 16:55:20
load_edituri,2022-05-22 16:55:20
load_categorii,2022-05-22 16:55:20
load_autori,2022-05-22 16:55:20
load_edituri,2022-05-22 16:55:20
load_categorii,2022-05-22 16:55:20
load_autori,2022-05-22 16:55:20
load_edituri,2022-05-22 16:55:20
load_categorii,2022-05-22 16:55:20
load_autori,2022-05-22 16:55:20
load_edituri,2022-05-22 16:55:20
load_categorii,2022-05-22 16:55:20
load_autori,2022-05-22 16:55:20
load_edituri,2022-05-22 16:55:20
load_categorii,2022-05-22 16:55:20
load_cartii,2022-05-22 16:55:20
load_autori,2022-05-22 16:55:20
load_categorii,2022-05-22 16:55:20
load_edituri,2022-05-22 16:55:20
load_clienti,2022-05-22 16:55:20
load_autori,2022-05-22 16:57:12
load_edituri,2022-05-22 16:57:12
load_categorii,2022-05-22 16:57:12
load_autori,2022-05-22 16:57:12
load_edituri,2022-05-22 16:57:12
load_categorii,2022-05-22 16:57:12
load_autori,2022-05-22 16:57:12
load_edituri,2022-05-22 16:57:12
load_categorii,2022-05-22 16:57:12
load_autori,2022-05-22 16:57:12
load_edituri,2022-05-22 16:57:12
load_categorii,2022-05-22 16:57:12
load_autori,2022-05-22 16:57:12
load_edituri,2022-05-22 16:57:12
load_categorii,2022-05-22 16:57:12
load_cartii,2022-05-22 16:57:12
load_autori,2022-05-22 16:57:12
load_categorii,2022-05-22 16:57:12
load_edituri,2022-05-22 16:57:12
load_clienti,2022-05-22 16:57:12
load_autori,2022-05-22 17:03:11
load_edituri,2022-05-22 17:03:11
load_categorii,2022-05-22 17:03:11
load_autori,2022-05-22 17:03:11
load_edituri,2022-05-22 17:03:11
load_categorii,2022-05-22 17:03:11
load_autori,2022-05-22 17:03:11
load_edituri,2022-05-22 17:03:11
load_categorii,2022-05-22 17:03:11
load_autori,2022-05-22 17:03:11
load_edituri,2022-05-22 17:03:11
load_categorii,2022-05-22 17:03:11
load_autori,2022-05-22 17:03:11
load_edituri,2022-05-22 17:03:11
load_categorii,2022-05-22 17:03:11
load_cartii,2022-05-22 17:03:11
load_autori,2022-05-22 17:03:11
load_categorii,2022-05-22 17:03:11
load_edituri,2022-05-22 17:03:11
load_clienti,2022-05-22 17:03:11
load_autori,2022-05-22 18:51:08
load_edituri,2022-05-22 18:51:08
load_categorii,2022-05-22 18:51:08
load_autori,2022-05-22 18:51:08
load_edituri,2022-05-22 18:51:08
load_categorii,2022-05-22 18:51:08
load_autori,2022-05-22 18:51:08
load_edituri,2022-05-22 18:51:08
load_categorii,2022-05-22 18:51:08
load_autori,2022-05-22 18:51:08
load_edituri,2022-05-22 18:51:08
load_categorii,2022-05-22 18:51:08
load_autori,2022-05-22 18:51:08
load_edituri,2022-05-22 18:51:08
load_categorii,2022-05-22 18:51:08
load_cartii,2022-05-22 18:51:08
load_autori,2022-05-22 18:51:08
load_categorii,2022-05-22 18:51:08
load_edituri,2022-05-22 18:51:08
load_clienti,2022-05-22 18:51:08
load_autori,2022-05-22 18:51:34
load_edituri,2022-05-22 18:51:34
load_categorii,2022-05-22 18:51:34
load_autori,2022-05-22 18:51:34
load_edituri,2022-05-22 18:51:34
load_categorii,2022-05-22 18:51:34
load_autori,2022-05-22 18:51:34
load_edituri,2022-05-22 18:51:34
load_categorii,2022-05-22 18:51:34
load_autori,2022-05-22 18:51:34
load_edituri,2022-05-22 18:51:34
load_categorii,2022-05-22 18:51:34
load_autori,2022-05-22 18:51:34
load_edituri,2022-05-22 18:51:34
load_categorii,2022-05-22 18:51:34
load_cartii,2022-05-22 18:51:34
load_cartiImprumutate,2022-05-22 18:51:34
load_autori,2022-05-22 18:51:34
load_categorii,2022-05-22 18:51:34
load_edituri,2022-05-22 18:51:34
load_clienti,2022-05-22 18:51:34
add_cartiImprumutate,2022-05-22 18:51:53
add_cartiImprumutate,2022-05-22 18:52:05
add_cartiImprumutate,2022-05-22 18:52:24
load_autori,2022-05-22 18:54:15
load_edituri,2022-05-22 18:54:16
load_categorii,2022-05-22 18:54:16
load_autori,2022-05-22 18:54:16
load_edituri,2022-05-22 18:54:16
load_categorii,2022-05-22 18:54:16
load_autori,2022-05-22 18:54:16
load_edituri,2022-05-22 18:54:16
load_categorii,2022-05-22 18:54:16
load_autori,2022-05-22 18:54:16
load_edituri,2022-05-22 18:54:16
load_categorii,2022-05-22 18:54:16
load_autori,2022-05-22 18:54:16
load_edituri,2022-05-22 18:54:16
load_categorii,2022-05-22 18:54:16
load_cartii,2022-05-22 18:54:16
load_cartiImprumutate,2022-05-22 18:54:16
load_autori,2022-05-22 18:54:16
load_categorii,2022-05-22 18:54:16
load_edituri,2022-05-22 18:54:16
load_clienti,2022-05-22 18:54:16
add_cartiImprumutate,2022-05-22 18:54:27
add_cartiImprumutate,2022-05-22 18:54:33
add_cartiImprumutate,2022-05-22 18:54:42
add_cartiImprumutate,2022-05-22 18:55:02
load_autori,2022-05-22 18:57:46
load_edituri,2022-05-22 18:57:46
load_categorii,2022-05-22 18:57:46
load_autori,2022-05-22 18:57:46
load_edituri,2022-05-22 18:57:46
load_categorii,2022-05-22 18:57:46
load_autori,2022-05-22 18:57:46
load_edituri,2022-05-22 18:57:46
load_categorii,2022-05-22 18:57:46
load_autori,2022-05-22 18:57:46
load_edituri,2022-05-22 18:57:46
load_categorii,2022-05-22 18:57:46
load_autori,2022-05-22 18:57:46
load_edituri,2022-05-22 18:57:46
load_categorii,2022-05-22 18:57:46
load_cartii,2022-05-22 18:57:46
load_cartiImprumutate,2022-05-22 18:57:46
load_autori,2022-05-22 18:57:46
load_categorii,2022-05-22 18:57:46
load_edituri,2022-05-22 18:57:46
load_clienti,2022-05-22 18:57:46
add_cartiImprumutate,2022-05-22 18:57:58
add_cartiImprumutate,2022-05-22 18:58:06
add_cartiImprumutate,2022-05-22 18:58:25
edit_cartiImprumutate,2022-05-22 18:58:33
edit_cartiImprumutate,2022-05-22 18:58:33
edit_cartiImprumutate,2022-05-22 18:58:33
load_autori,2022-05-22 19:00:53
load_edituri,2022-05-22 19:00:53
load_categorii,2022-05-22 19:00:53
load_autori,2022-05-22 19:00:53
load_edituri,2022-05-22 19:00:53
load_categorii,2022-05-22 19:00:53
load_autori,2022-05-22 19:00:53
load_edituri,2022-05-22 19:00:53
load_categorii,2022-05-22 19:00:53
load_autori,2022-05-22 19:00:53
load_edituri,2022-05-22 19:00:53
load_categorii,2022-05-22 19:00:53
load_autori,2022-05-22 19:00:53
load_edituri,2022-05-22 19:00:53
load_categorii,2022-05-22 19:00:53
load_cartii,2022-05-22 19:00:53
load_autori,2022-05-22 19:00:53
load_edituri,2022-05-22 19:00:53
load_categorii,2022-05-22 19:00:53
load_autori,2022-05-22 19:00:53
load_edituri,2022-05-22 19:00:53
load_categorii,2022-05-22 19:00:53
load_autori,2022-05-22 19:00:53
load_edituri,2022-05-22 19:00:53
load_categorii,2022-05-22 19:00:53
load_autori,2022-05-22 19:00:53
load_edituri,2022-05-22 19:00:53
load_categorii,2022-05-22 19:00:53
load_autori,2022-05-22 19:00:53
load_edituri,2022-05-22 19:00:53
load_categorii,2022-05-22 19:00:53
load_cartii,2022-05-22 19:00:53
load_clienti,2022-05-22 19:00:53
load_cartiImprumutate,2022-05-22 19:00:53
load_autori,2022-05-22 19:00:53
load_categorii,2022-05-22 19:00:53
load_edituri,2022-05-22 19:00:53
load_clienti,2022-05-22 19:00:53
load_autori,2022-05-22 19:05:29
load_edituri,2022-05-22 19:05:29
load_categorii,2022-05-22 19:05:29
load_autori,2022-05-22 19:05:29
load_edituri,2022-05-22 19:05:29
load_categorii,2022-05-22 19:05:29
load_autori,2022-05-22 19:05:29
load_edituri,2022-05-22 19:05:29
load_categorii,2022-05-22 19:05:29
load_autori,2022-05-22 19:05:29
load_edituri,2022-05-22 19:05:29
load_categorii,2022-05-22 19:05:29
load_autori,2022-05-22 19:05:29
load_edituri,2022-05-22 19:05:29
load_categorii,2022-05-22 19:05:29
load_cartii,2022-05-22 19:05:29
load_autori,2022-05-22 19:05:29
load_edituri,2022-05-22 19:05:29
load_categorii,2022-05-22 19:05:29
load_autori,2022-05-22 19:05:29
load_edituri,2022-05-22 19:05:29
load_categorii,2022-05-22 19:05:29
load_autori,2022-05-22 19:05:29
load_edituri,2022-05-22 19:05:29
load_categorii,2022-05-22 19:05:29
load_autori,2022-05-22 19:05:29
load_edituri,2022-05-22 19:05:29
load_categorii,2022-05-22 19:05:29
load_autori,2022-05-22 19:05:29
load_edituri,2022-05-22 19:05:29
load_categorii,2022-05-22 19:05:29
load_cartii,2022-05-22 19:05:29
load_clienti,2022-05-22 19:05:29
load_cartiImprumutate,2022-05-22 19:05:29
load_autori,2022-05-22 19:05:29
load_categorii,2022-05-22 19:05:29
load_edituri,2022-05-22 19:05:29
load_clienti,2022-05-22 19:05:29
load_autori,2022-05-22 19:18:26
load_edituri,2022-05-22 19:18:26
load_categorii,2022-05-22 19:18:26
load_autori,2022-05-22 19:18:26
load_edituri,2022-05-22 19:18:26
load_categorii,2022-05-22 19:18:26
load_autori,2022-05-22 19:18:26
load_edituri,2022-05-22 19:18:26
load_categorii,2022-05-22 19:18:26
load_autori,2022-05-22 19:18:26
load_edituri,2022-05-22 19:18:26
load_categorii,2022-05-22 19:18:26
load_autori,2022-05-22 19:18:26
load_edituri,2022-05-22 19:18:26
load_categorii,2022-05-22 19:18:26
load_cartii,2022-05-22 19:18:26
load_autori,2022-05-22 19:18:26
load_edituri,2022-05-22 19:18:26
load_categorii,2022-05-22 19:18:26
load_autori,2022-05-22 19:18:26
load_edituri,2022-05-22 19:18:26
load_categorii,2022-05-22 19:18:26
load_autori,2022-05-22 19:18:26
load_edituri,2022-05-22 19:18:26
load_categorii,2022-05-22 19:18:26
load_autori,2022-05-22 19:18:26
load_edituri,2022-05-22 19:18:26
load_categorii,2022-05-22 19:18:26
load_autori,2022-05-22 19:18:26
load_edituri,2022-05-22 19:18:26
load_categorii,2022-05-22 19:18:26
load_cartii,2022-05-22 19:18:26
load_clienti,2022-05-22 19:18:26
load_cartiImprumutate,2022-05-22 19:18:26
load_autori,2022-05-22 19:18:26
load_categorii,2022-05-22 19:18:26
load_edituri,2022-05-22 19:18:26
load_clienti,2022-05-22 19:18:26
load_autori,2022-05-22 19:19:41
load_edituri,2022-05-22 19:19:41
load_categorii,2022-05-22 19:19:41
load_autori,2022-05-22 19:19:41
load_edituri,2022-05-22 19:19:41
load_categorii,2022-05-22 19:19:41
load_autori,2022-05-22 19:19:41
load_edituri,2022-05-22 19:19:41
load_categorii,2022-05-22 19:19:41
load_autori,2022-05-22 19:19:41
load_edituri,2022-05-22 19:19:41
load_categorii,2022-05-22 19:19:41
load_autori,2022-05-22 19:19:41
load_edituri,2022-05-22 19:19:41
load_categorii,2022-05-22 19:19:41
load_cartii,2022-05-22 19:19:41
load_autori,2022-05-22 19:19:41
load_edituri,2022-05-22 19:19:41
load_categorii,2022-05-22 19:19:41
load_autori,2022-05-22 19:19:41
load_edituri,2022-05-22 19:19:41
load_categorii,2022-05-22 19:19:41
load_autori,2022-05-22 19:19:41
load_edituri,2022-05-22 19:19:41
load_categorii,2022-05-22 19:19:41
load_autori,2022-05-22 19:19:41
load_edituri,2022-05-22 19:19:41
load_categorii,2022-05-22 19:19:41
load_autori,2022-05-22 19:19:41
load_edituri,2022-05-22 19:19:41
load_categorii,2022-05-22 19:19:41
load_cartii,2022-05-22 19:19:41
load_clienti,2022-05-22 19:19:41
load_cartiImprumutate,2022-05-22 19:19:41
load_autori,2022-05-22 19:19:41
load_categorii,2022-05-22 19:19:41
load_edituri,2022-05-22 19:19:41
load_clienti,2022-05-22 19:19:41
load_autori,2022-05-22 19:21:05
load_edituri,2022-05-22 19:21:05
load_categorii,2022-05-22 19:21:05
load_autori,2022-05-22 19:21:05
load_edituri,2022-05-22 19:21:05
load_categorii,2022-05-22 19:21:05
load_autori,2022-05-22 19:21:05
load_edituri,2022-05-22 19:21:05
load_categorii,2022-05-22 19:21:05
load_autori,2022-05-22 19:21:05
load_edituri,2022-05-22 19:21:05
load_categorii,2022-05-22 19:21:05
load_autori,2022-05-22 19:21:05
load_edituri,2022-05-22 19:21:05
load_categorii,2022-05-22 19:21:05
load_cartii,2022-05-22 19:21:05
load_autori,2022-05-22 19:21:05
load_edituri,2022-05-22 19:21:05
load_categorii,2022-05-22 19:21:05
load_autori,2022-05-22 19:21:05
load_edituri,2022-05-22 19:21:05
load_categorii,2022-05-22 19:21:05
load_autori,2022-05-22 19:21:05
load_edituri,2022-05-22 19:21:05
load_categorii,2022-05-22 19:21:05
load_autori,2022-05-22 19:21:05
load_edituri,2022-05-22 19:21:05
load_categorii,2022-05-22 19:21:05
load_autori,2022-05-22 19:21:05
load_edituri,2022-05-22 19:21:05
load_categorii,2022-05-22 19:21:05
load_cartii,2022-05-22 19:21:05
load_clienti,2022-05-22 19:21:05
load_cartiImprumutate,2022-05-22 19:21:05
load_autori,2022-05-22 19:21:05
load_categorii,2022-05-22 19:21:05
load_edituri,2022-05-22 19:21:05
load_clienti,2022-05-22 19:21:05
load_autori,2022-05-22 19:22:01
load_edituri,2022-05-22 19:22:01
load_categorii,2022-05-22 19:22:01
load_autori,2022-05-22 19:22:01
load_edituri,2022-05-22 19:22:01
load_categorii,2022-05-22 19:22:01
load_autori,2022-05-22 19:22:01
load_edituri,2022-05-22 19:22:01
load_categorii,2022-05-22 19:22:01
load_autori,2022-05-22 19:22:01
load_edituri,2022-05-22 19:22:01
load_categorii,2022-05-22 19:22:01
load_autori,2022-05-22 19:22:01
load_edituri,2022-05-22 19:22:01
load_categorii,2022-05-22 19:22:01
load_cartii,2022-05-22 19:22:01
load_autori,2022-05-22 19:22:01
load_edituri,2022-05-22 19:22:01
load_categorii,2022-05-22 19:22:01
load_autori,2022-05-22 19:22:01
load_edituri,2022-05-22 19:22:01
load_categorii,2022-05-22 19:22:01
load_autori,2022-05-22 19:22:01
load_edituri,2022-05-22 19:22:01
load_categorii,2022-05-22 19:22:01
load_autori,2022-05-22 19:22:01
load_edituri,2022-05-22 19:22:01
load_categorii,2022-05-22 19:22:01
load_autori,2022-05-22 19:22:01
load_edituri,2022-05-22 19:22:01
load_categorii,2022-05-22 19:22:01
load_cartii,2022-05-22 19:22:01
load_clienti,2022-05-22 19:22:01
load_cartiImprumutate,2022-05-22 19:22:01
load_autori,2022-05-22 19:22:01
load_categorii,2022-05-22 19:22:01
load_edituri,2022-05-22 19:22:01
load_clienti,2022-05-22 19:22:01
load_autori,2022-05-22 19:22:14
load_edituri,2022-05-22 19:22:14
load_categorii,2022-05-22 19:22:14
load_autori,2022-05-22 19:22:14
load_edituri,2022-05-22 19:22:14
load_categorii,2022-05-22 19:22:14
load_autori,2022-05-22 19:22:14
load_edituri,2022-05-22 19:22:14
load_categorii,2022-05-22 19:22:14
load_autori,2022-05-22 19:22:14
load_edituri,2022-05-22 19:22:14
load_categorii,2022-05-22 19:22:14
load_autori,2022-05-22 19:22:14
load_edituri,2022-05-22 19:22:14
load_categorii,2022-05-22 19:22:14
load_cartii,2022-05-22 19:22:14
load_autori,2022-05-22 19:22:14
load_edituri,2022-05-22 19:22:14
load_categorii,2022-05-22 19:22:14
load_autori,2022-05-22 19:22:14
load_edituri,2022-05-22 19:22:14
load_categorii,2022-05-22 19:22:14
load_autori,2022-05-22 19:22:14
load_edituri,2022-05-22 19:22:14
load_categorii,2022-05-22 19:22:14
load_autori,2022-05-22 19:22:14
load_edituri,2022-05-22 19:22:14
load_categorii,2022-05-22 19:22:14
load_autori,2022-05-22 19:22:14
load_edituri,2022-05-22 19:22:14
load_categorii,2022-05-22 19:22:14
load_cartii,2022-05-22 19:22:14
load_clienti,2022-05-22 19:22:14
load_cartiImprumutate,2022-05-22 19:22:14
load_autori,2022-05-22 19:22:14
load_categorii,2022-05-22 19:22:14
load_edituri,2022-05-22 19:22:14
load_clienti,2022-05-22 19:22:14
load_autori,2022-05-22 19:22:42
load_edituri,2022-05-22 19:22:42
load_categorii,2022-05-22 19:22:42
load_autori,2022-05-22 19:22:42
load_edituri,2022-05-22 19:22:42
load_categorii,2022-05-22 19:22:42
load_autori,2022-05-22 19:22:42
load_edituri,2022-05-22 19:22:42
load_categorii,2022-05-22 19:22:42
load_autori,2022-05-22 19:22:42
load_edituri,2022-05-22 19:22:42
load_categorii,2022-05-22 19:22:42
load_autori,2022-05-22 19:22:42
load_edituri,2022-05-22 19:22:42
load_categorii,2022-05-22 19:22:42
load_cartii,2022-05-22 19:22:42
load_autori,2022-05-22 19:22:42
load_edituri,2022-05-22 19:22:42
load_categorii,2022-05-22 19:22:42
load_autori,2022-05-22 19:22:42
load_edituri,2022-05-22 19:22:42
load_categorii,2022-05-22 19:22:42
load_autori,2022-05-22 19:22:42
load_edituri,2022-05-22 19:22:42
load_categorii,2022-05-22 19:22:42
load_autori,2022-05-22 19:22:42
load_edituri,2022-05-22 19:22:42
load_categorii,2022-05-22 19:22:42
load_autori,2022-05-22 19:22:42
load_edituri,2022-05-22 19:22:42
load_categorii,2022-05-22 19:22:42
load_cartii,2022-05-22 19:22:42
load_clienti,2022-05-22 19:22:42
load_cartiImprumutate,2022-05-22 19:22:42
load_autori,2022-05-22 19:22:42
load_categorii,2022-05-22 19:22:42
load_edituri,2022-05-22 19:22:42
load_clienti,2022-05-22 19:22:42
load_autori,2022-05-22 19:43:42
load_edituri,2022-05-22 19:43:42
load_categorii,2022-05-22 19:43:42
load_autori,2022-05-22 19:43:42
load_edituri,2022-05-22 19:43:42
load_categorii,2022-05-22 19:43:42
load_autori,2022-05-22 19:43:42
load_edituri,2022-05-22 19:43:42
load_categorii,2022-05-22 19:43:42
load_autori,2022-05-22 19:43:42
load_edituri,2022-05-22 19:43:42
load_categorii,2022-05-22 19:43:42
load_autori,2022-05-22 19:43:42
load_edituri,2022-05-22 19:43:42
load_categorii,2022-05-22 19:43:42
load_cartii,2022-05-22 19:43:42
load_cartiImprumutate,2022-05-22 19:43:42
load_autori,2022-05-22 19:43:42
load_categorii,2022-05-22 19:43:42
load_edituri,2022-05-22 19:43:42
load_clienti,2022-05-22 19:43:42
load_autori,2022-05-22 19:44:29
load_edituri,2022-05-22 19:44:29
load_categorii,2022-05-22 19:44:29
load_autori,2022-05-22 19:44:29
load_edituri,2022-05-22 19:44:29
load_categorii,2022-05-22 19:44:29
load_autori,2022-05-22 19:44:29
load_edituri,2022-05-22 19:44:29
load_categorii,2022-05-22 19:44:29
load_autori,2022-05-22 19:44:29
load_edituri,2022-05-22 19:44:29
load_categorii,2022-05-22 19:44:29
load_autori,2022-05-22 19:44:29
load_edituri,2022-05-22 19:44:29
load_categorii,2022-05-22 19:44:29
load_cartii,2022-05-22 19:44:29
load_cartiImprumutate,2022-05-22 19:44:29
load_autori,2022-05-22 19:44:29
load_categorii,2022-05-22 19:44:29
load_edituri,2022-05-22 19:44:29
load_clienti,2022-05-22 19:44:29
add_cartiImprumutate,2022-05-22 19:44:52
add_cartiImprumutate,2022-05-22 19:44:58
add_cartiImprumutate,2022-05-22 19:45:05
add_cartiImprumutate,2022-05-22 19:45:20
edit_cartiImprumutate,2022-05-22 19:45:29
edit_cartiImprumutate,2022-05-22 19:45:29
edit_cartiImprumutate,2022-05-22 19:45:29
edit_cartiImprumutate,2022-05-22 19:45:29
load_autori,2022-05-22 20:02:23
load_edituri,2022-05-22 20:02:23
load_categorii,2022-05-22 20:02:23
load_autori,2022-05-22 20:02:23
load_edituri,2022-05-22 20:02:23
load_categorii,2022-05-22 20:02:23
load_autori,2022-05-22 20:02:23
load_edituri,2022-05-22 20:02:23
load_categorii,2022-05-22 20:02:23
load_autori,2022-05-22 20:02:23
load_edituri,2022-05-22 20:02:23
load_categorii,2022-05-22 20:02:23
load_autori,2022-05-22 20:02:23
load_edituri,2022-05-22 20:02:23
load_categorii,2022-05-22 20:02:23
load_cartii,2022-05-22 20:02:23
load_autori,2022-05-22 20:02:23
load_edituri,2022-05-22 20:02:23
load_categorii,2022-05-22 20:02:23
load_autori,2022-05-22 20:02:23
load_edituri,2022-05-22 20:02:23
load_categorii,2022-05-22 20:02:23
load_autori,2022-05-22 20:02:23
load_edituri,2022-05-22 20:02:23
load_categorii,2022-05-22 20:02:23
load_autori,2022-05-22 20:02:23
load_edituri,2022-05-22 20:02:23
load_categorii,2022-05-22 20:02:23
load_autori,2022-05-22 20:02:23
load_edituri,2022-05-22 20:02:23
load_categorii,2022-05-22 20:02:23
load_cartii,2022-05-22 20:02:23
load_clienti,2022-05-22 20:02:23
load_autori,2022-05-22 20:02:23
load_edituri,2022-05-22 20:02:23
load_categorii,2022-05-22 20:02:23
load_autori,2022-05-22 20:02:23
load_edituri,2022-05-22 20:02:23
load_categorii,2022-05-22 20:02:23
load_autori,2022-05-22 20:02:23
load_edituri,2022-05-22 20:02:23
load_categorii,2022-05-22 20:02:23
load_autori,2022-05-22 20:02:23
load_edituri,2022-05-22 20:02:23
load_categorii,2022-05-22 20:02:23
load_autori,2022-05-22 20:02:23
load_edituri,2022-05-22 20:02:23
load_categorii,2022-05-22 20:02:23
load_cartii,2022-05-22 20:02:23
load_clienti,2022-05-22 20:02:23
load_autori,2022-05-22 20:02:23
load_edituri,2022-05-22 20:02:23
load_categorii,2022-05-22 20:02:23
load_autori,2022-05-22 20:02:23
load_edituri,2022-05-22 20:02:23
load_categorii,2022-05-22 20:02:23
load_autori,2022-05-22 20:02:23
load_edituri,2022-05-22 20:02:23
load_categorii,2022-05-22 20:02:23
load_autori,2022-05-22 20:02:23
load_edituri,2022-05-22 20:02:23
load_categorii,2022-05-22 20:02:23
load_autori,2022-05-22 20:02:23
load_edituri,2022-05-22 20:02:23
load_categorii,2022-05-22 20:02:23
load_cartii,2022-05-22 20:02:23
load_clienti,2022-05-22 20:02:23
load_autori,2022-05-22 20:02:23
load_edituri,2022-05-22 20:02:23
load_categorii,2022-05-22 20:02:23
load_autori,2022-05-22 20:02:23
load_edituri,2022-05-22 20:02:23
load_categorii,2022-05-22 20:02:23
load_autori,2022-05-22 20:02:23
load_edituri,2022-05-22 20:02:23
load_categorii,2022-05-22 20:02:23
load_autori,2022-05-22 20:02:23
load_edituri,2022-05-22 20:02:23
load_categorii,2022-05-22 20:02:23
load_autori,2022-05-22 20:02:23
load_edituri,2022-05-22 20:02:23
load_categorii,2022-05-22 20:02:23
load_cartii,2022-05-22 20:02:23
load_clienti,2022-05-22 20:02:23
load_cartiImprumutate,2022-05-22 20:02:23
load_autori,2022-05-22 20:02:23
load_categorii,2022-05-22 20:02:23
load_edituri,2022-05-22 20:02:23
load_clienti,2022-05-22 20:02:23
load_autori,2022-05-22 20:02:59
load_edituri,2022-05-22 20:02:59
load_categorii,2022-05-22 20:02:59
load_autori,2022-05-22 20:02:59
load_edituri,2022-05-22 20:02:59
load_categorii,2022-05-22 20:02:59
load_autori,2022-05-22 20:02:59
load_edituri,2022-05-22 20:02:59
load_categorii,2022-05-22 20:02:59
load_autori,2022-05-22 20:02:59
load_edituri,2022-05-22 20:02:59
load_categorii,2022-05-22 20:02:59
load_autori,2022-05-22 20:02:59
load_edituri,2022-05-22 20:02:59
load_categorii,2022-05-22 20:02:59
load_cartii,2022-05-22 20:02:59
load_autori,2022-05-22 20:02:59
load_edituri,2022-05-22 20:02:59
load_categorii,2022-05-22 20:02:59
load_autori,2022-05-22 20:02:59
load_edituri,2022-05-22 20:02:59
load_categorii,2022-05-22 20:02:59
load_autori,2022-05-22 20:02:59
load_edituri,2022-05-22 20:02:59
load_categorii,2022-05-22 20:02:59
load_autori,2022-05-22 20:02:59
load_edituri,2022-05-22 20:02:59
load_categorii,2022-05-22 20:02:59
load_autori,2022-05-22 20:02:59
load_edituri,2022-05-22 20:02:59
load_categorii,2022-05-22 20:02:59
load_cartii,2022-05-22 20:02:59
load_clienti,2022-05-22 20:02:59
load_autori,2022-05-22 20:02:59
load_edituri,2022-05-22 20:02:59
load_categorii,2022-05-22 20:02:59
load_autori,2022-05-22 20:02:59
load_edituri,2022-05-22 20:02:59
load_categorii,2022-05-22 20:02:59
load_autori,2022-05-22 20:02:59
load_edituri,2022-05-22 20:02:59
load_categorii,2022-05-22 20:02:59
load_autori,2022-05-22 20:02:59
load_edituri,2022-05-22 20:02:59
load_categorii,2022-05-22 20:02:59
load_autori,2022-05-22 20:02:59
load_edituri,2022-05-22 20:02:59
load_categorii,2022-05-22 20:02:59
load_cartii,2022-05-22 20:02:59
load_clienti,2022-05-22 20:02:59
load_autori,2022-05-22 20:02:59
load_edituri,2022-05-22 20:02:59
load_categorii,2022-05-22 20:02:59
load_autori,2022-05-22 20:02:59
load_edituri,2022-05-22 20:02:59
load_categorii,2022-05-22 20:02:59
load_autori,2022-05-22 20:02:59
load_edituri,2022-05-22 20:02:59
load_categorii,2022-05-22 20:02:59
load_autori,2022-05-22 20:02:59
load_edituri,2022-05-22 20:02:59
load_categorii,2022-05-22 20:02:59
load_autori,2022-05-22 20:02:59
load_edituri,2022-05-22 20:02:59
load_categorii,2022-05-22 20:02:59
load_cartii,2022-05-22 20:02:59
load_clienti,2022-05-22 20:02:59
load_autori,2022-05-22 20:02:59
load_edituri,2022-05-22 20:02:59
load_categorii,2022-05-22 20:02:59
load_autori,2022-05-22 20:02:59
load_edituri,2022-05-22 20:02:59
load_categorii,2022-05-22 20:02:59
load_autori,2022-05-22 20:02:59
load_edituri,2022-05-22 20:02:59
load_categorii,2022-05-22 20:02:59
load_autori,2022-05-22 20:02:59
load_edituri,2022-05-22 20:02:59
load_categorii,2022-05-22 20:02:59
load_autori,2022-05-22 20:02:59
load_edituri,2022-05-22 20:02:59
load_categorii,2022-05-22 20:02:59
load_cartii,2022-05-22 20:02:59
load_clienti,2022-05-22 20:02:59
load_cartiImprumutate,2022-05-22 20:02:59
load_autori,2022-05-22 20:02:59
load_categorii,2022-05-22 20:02:59
load_edituri,2022-05-22 20:02:59
load_clienti,2022-05-22 20:02:59
load_autori,2022-05-22 20:22:04
load_edituri,2022-05-22 20:22:04
load_categorii,2022-05-22 20:22:04
load_autori,2022-05-22 20:22:04
load_edituri,2022-05-22 20:22:04
load_categorii,2022-05-22 20:22:04
load_autori,2022-05-22 20:22:04
load_edituri,2022-05-22 20:22:04
load_categorii,2022-05-22 20:22:04
load_autori,2022-05-22 20:22:04
load_edituri,2022-05-22 20:22:04
load_categorii,2022-05-22 20:22:04
load_autori,2022-05-22 20:22:04
load_edituri,2022-05-22 20:22:04
load_categorii,2022-05-22 20:22:04
load_cartii,2022-05-22 20:22:04
load_autori,2022-05-22 20:22:04
load_edituri,2022-05-22 20:22:04
load_categorii,2022-05-22 20:22:04
load_autori,2022-05-22 20:22:04
load_edituri,2022-05-22 20:22:04
load_categorii,2022-05-22 20:22:04
load_autori,2022-05-22 20:22:04
load_edituri,2022-05-22 20:22:04
load_categorii,2022-05-22 20:22:04
load_autori,2022-05-22 20:22:04
load_edituri,2022-05-22 20:22:04
load_categorii,2022-05-22 20:22:04
load_autori,2022-05-22 20:22:04
load_edituri,2022-05-22 20:22:04
load_categorii,2022-05-22 20:22:04
load_cartii,2022-05-22 20:22:04
load_clienti,2022-05-22 20:22:04
load_autori,2022-05-22 20:22:04
load_edituri,2022-05-22 20:22:04
load_categorii,2022-05-22 20:22:04
load_autori,2022-05-22 20:22:04
load_edituri,2022-05-22 20:22:04
load_categorii,2022-05-22 20:22:04
load_autori,2022-05-22 20:22:04
load_edituri,2022-05-22 20:22:04
load_categorii,2022-05-22 20:22:04
load_autori,2022-05-22 20:22:04
load_edituri,2022-05-22 20:22:04
load_categorii,2022-05-22 20:22:04
load_autori,2022-05-22 20:22:04
load_edituri,2022-05-22 20:22:04
load_categorii,2022-05-22 20:22:04
load_cartii,2022-05-22 20:22:04
load_clienti,2022-05-22 20:22:04
load_autori,2022-05-22 20:22:04
load_edituri,2022-05-22 20:22:04
load_categorii,2022-05-22 20:22:04
load_autori,2022-05-22 20:22:04
load_edituri,2022-05-22 20:22:04
load_categorii,2022-05-22 20:22:04
load_autori,2022-05-22 20:22:04
load_edituri,2022-05-22 20:22:04
load_categorii,2022-05-22 20:22:04
load_autori,2022-05-22 20:22:04
load_edituri,2022-05-22 20:22:04
load_categorii,2022-05-22 20:22:04
load_autori,2022-05-22 20:22:04
load_edituri,2022-05-22 20:22:04
load_categorii,2022-05-22 20:22:04
load_cartii,2022-05-22 20:22:04
load_clienti,2022-05-22 20:22:04
load_autori,2022-05-22 20:22:04
load_edituri,2022-05-22 20:22:04
load_categorii,2022-05-22 20:22:04
load_autori,2022-05-22 20:22:04
load_edituri,2022-05-22 20:22:04
load_categorii,2022-05-22 20:22:04
load_autori,2022-05-22 20:22:04
load_edituri,2022-05-22 20:22:04
load_categorii,2022-05-22 20:22:04
load_autori,2022-05-22 20:22:04
load_edituri,2022-05-22 20:22:04
load_categorii,2022-05-22 20:22:04
load_autori,2022-05-22 20:22:04
load_edituri,2022-05-22 20:22:04
load_categorii,2022-05-22 20:22:04
load_cartii,2022-05-22 20:22:04
load_clienti,2022-05-22 20:22:04
load_cartiImprumutate,2022-05-22 20:22:04
load_autori,2022-05-22 20:22:04
load_categorii,2022-05-22 20:22:04
load_edituri,2022-05-22 20:22:04
load_clienti,2022-05-22 20:22:04
load_autori,2022-05-22 20:22:16
load_edituri,2022-05-22 20:22:16
load_categorii,2022-05-22 20:22:16
load_autori,2022-05-22 20:22:16
load_edituri,2022-05-22 20:22:16
load_categorii,2022-05-22 20:22:16
load_autori,2022-05-22 20:22:16
load_edituri,2022-05-22 20:22:16
load_categorii,2022-05-22 20:22:16
load_autori,2022-05-22 20:22:16
load_edituri,2022-05-22 20:22:16
load_categorii,2022-05-22 20:22:16
load_autori,2022-05-22 20:22:16
load_edituri,2022-05-22 20:22:16
load_categorii,2022-05-22 20:22:16
load_cartii,2022-05-22 20:22:16
load_cartiImprumutate,2022-05-22 20:22:16
load_autori,2022-05-22 20:22:16
load_categorii,2022-05-22 20:22:16
load_edituri,2022-05-22 20:22:16
load_clienti,2022-05-22 20:22:16
add_cartiImprumutate,2022-05-22 20:22:27
add_cartiImprumutate,2022-05-22 20:22:42
add_cartiImprumutate,2022-05-22 20:23:48
add_cartiImprumutate,2022-05-22 20:23:55
edit_cartiImprumutate,2022-05-22 20:24:06
edit_cartiImprumutate,2022-05-22 20:24:14
load_autori,2022-05-22 20:26:57
load_edituri,2022-05-22 20:26:57
load_categorii,2022-05-22 20:26:57
load_autori,2022-05-22 20:26:57
load_edituri,2022-05-22 20:26:57
load_categorii,2022-05-22 20:26:57
load_autori,2022-05-22 20:26:57
load_edituri,2022-05-22 20:26:57
load_categorii,2022-05-22 20:26:57
load_autori,2022-05-22 20:26:57
load_edituri,2022-05-22 20:26:57
load_categorii,2022-05-22 20:26:57
load_autori,2022-05-22 20:26:57
load_edituri,2022-05-22 20:26:57
load_categorii,2022-05-22 20:26:57
load_cartii,2022-05-22 20:26:57
load_autori,2022-05-22 20:26:57
load_edituri,2022-05-22 20:26:57
load_categorii,2022-05-22 20:26:57
load_autori,2022-05-22 20:26:57
load_edituri,2022-05-22 20:26:57
load_categorii,2022-05-22 20:26:57
load_autori,2022-05-22 20:26:57
load_edituri,2022-05-22 20:26:57
load_categorii,2022-05-22 20:26:57
load_autori,2022-05-22 20:26:57
load_edituri,2022-05-22 20:26:57
load_categorii,2022-05-22 20:26:57
load_autori,2022-05-22 20:26:57
load_edituri,2022-05-22 20:26:57
load_categorii,2022-05-22 20:26:57
load_cartii,2022-05-22 20:26:57
load_clienti,2022-05-22 20:26:57
load_autori,2022-05-22 20:26:57
load_edituri,2022-05-22 20:26:57
load_categorii,2022-05-22 20:26:57
load_autori,2022-05-22 20:26:57
load_edituri,2022-05-22 20:26:57
load_categorii,2022-05-22 20:26:57
load_autori,2022-05-22 20:26:57
load_edituri,2022-05-22 20:26:57
load_categorii,2022-05-22 20:26:57
load_autori,2022-05-22 20:26:57
load_edituri,2022-05-22 20:26:57
load_categorii,2022-05-22 20:26:57
load_autori,2022-05-22 20:26:57
load_edituri,2022-05-22 20:26:57
load_categorii,2022-05-22 20:26:57
load_cartii,2022-05-22 20:26:57
load_clienti,2022-05-22 20:26:57
load_autori,2022-05-22 20:26:57
load_edituri,2022-05-22 20:26:57
load_categorii,2022-05-22 20:26:57
load_autori,2022-05-22 20:26:57
load_edituri,2022-05-22 20:26:57
load_categorii,2022-05-22 20:26:57
load_autori,2022-05-22 20:26:57
load_edituri,2022-05-22 20:26:57
load_categorii,2022-05-22 20:26:57
load_autori,2022-05-22 20:26:57
load_edituri,2022-05-22 20:26:57
load_categorii,2022-05-22 20:26:57
load_autori,2022-05-22 20:26:57
load_edituri,2022-05-22 20:26:57
load_categorii,2022-05-22 20:26:57
load_cartii,2022-05-22 20:26:57
load_clienti,2022-05-22 20:26:57
load_autori,2022-05-22 20:26:57
load_edituri,2022-05-22 20:26:57
load_categorii,2022-05-22 20:26:57
load_autori,2022-05-22 20:26:57
load_edituri,2022-05-22 20:26:57
load_categorii,2022-05-22 20:26:57
load_autori,2022-05-22 20:26:57
load_edituri,2022-05-22 20:26:57
load_categorii,2022-05-22 20:26:57
load_autori,2022-05-22 20:26:57
load_edituri,2022-05-22 20:26:57
load_categorii,2022-05-22 20:26:57
load_autori,2022-05-22 20:26:57
load_edituri,2022-05-22 20:26:57
load_categorii,2022-05-22 20:26:57
load_cartii,2022-05-22 20:26:57
load_clienti,2022-05-22 20:26:57
load_cartiImprumutate,2022-05-22 20:26:57
load_autori,2022-05-22 20:26:57
load_categorii,2022-05-22 20:26:57
load_edituri,2022-05-22 20:26:57
load_clienti,2022-05-22 20:26:57
load_autori,2022-05-22 20:30:46
load_edituri,2022-05-22 20:30:46
load_categorii,2022-05-22 20:30:46
load_autori,2022-05-22 20:30:46
load_edituri,2022-05-22 20:30:46
load_categorii,2022-05-22 20:30:46
load_autori,2022-05-22 20:30:46
load_edituri,2022-05-22 20:30:46
load_categorii,2022-05-22 20:30:46
load_autori,2022-05-22 20:30:46
load_edituri,2022-05-22 20:30:46
load_categorii,2022-05-22 20:30:46
load_autori,2022-05-22 20:30:46
load_edituri,2022-05-22 20:30:46
load_categorii,2022-05-22 20:30:46
load_cartii,2022-05-22 20:30:46
load_autori,2022-05-22 20:30:46
load_edituri,2022-05-22 20:30:46
load_categorii,2022-05-22 20:30:46
load_autori,2022-05-22 20:30:46
load_edituri,2022-05-22 20:30:46
load_categorii,2022-05-22 20:30:46
load_autori,2022-05-22 20:30:46
load_edituri,2022-05-22 20:30:46
load_categorii,2022-05-22 20:30:46
load_autori,2022-05-22 20:30:46
load_edituri,2022-05-22 20:30:46
load_categorii,2022-05-22 20:30:46
load_autori,2022-05-22 20:30:46
load_edituri,2022-05-22 20:30:46
load_categorii,2022-05-22 20:30:46
load_cartii,2022-05-22 20:30:46
load_clienti,2022-05-22 20:30:46
load_autori,2022-05-22 20:30:46
load_edituri,2022-05-22 20:30:46
load_categorii,2022-05-22 20:30:46
load_autori,2022-05-22 20:30:46
load_edituri,2022-05-22 20:30:46
load_categorii,2022-05-22 20:30:46
load_autori,2022-05-22 20:30:46
load_edituri,2022-05-22 20:30:46
load_categorii,2022-05-22 20:30:46
load_autori,2022-05-22 20:30:46
load_edituri,2022-05-22 20:30:46
load_categorii,2022-05-22 20:30:46
load_autori,2022-05-22 20:30:46
load_edituri,2022-05-22 20:30:46
load_categorii,2022-05-22 20:30:46
load_cartii,2022-05-22 20:30:46
load_clienti,2022-05-22 20:30:46
load_autori,2022-05-22 20:30:46
load_edituri,2022-05-22 20:30:46
load_categorii,2022-05-22 20:30:46
load_autori,2022-05-22 20:30:46
load_edituri,2022-05-22 20:30:46
load_categorii,2022-05-22 20:30:46
load_autori,2022-05-22 20:30:46
load_edituri,2022-05-22 20:30:46
load_categorii,2022-05-22 20:30:46
load_autori,2022-05-22 20:30:46
load_edituri,2022-05-22 20:30:46
load_categorii,2022-05-22 20:30:46
load_autori,2022-05-22 20:30:46
load_edituri,2022-05-22 20:30:46
load_categorii,2022-05-22 20:30:46
load_cartii,2022-05-22 20:30:46
load_clienti,2022-05-22 20:30:46
load_autori,2022-05-22 20:30:46
load_edituri,2022-05-22 20:30:46
load_categorii,2022-05-22 20:30:46
load_autori,2022-05-22 20:30:46
load_edituri,2022-05-22 20:30:46
load_categorii,2022-05-22 20:30:46
load_autori,2022-05-22 20:30:46
load_edituri,2022-05-22 20:30:46
load_categorii,2022-05-22 20:30:46
load_autori,2022-05-22 20:30:46
load_edituri,2022-05-22 20:30:46
load_categorii,2022-05-22 20:30:46
load_autori,2022-05-22 20:30:46
load_edituri,2022-05-22 20:30:46
load_categorii,2022-05-22 20:30:46
load_cartii,2022-05-22 20:30:46
load_clienti,2022-05-22 20:30:46
load_cartiImprumutate,2022-05-22 20:30:46
load_autori,2022-05-22 20:30:46
load_categorii,2022-05-22 20:30:46
load_edituri,2022-05-22 20:30:46
load_clienti,2022-05-22 20:30:46
load_autori,2022-05-22 20:32:46
load_edituri,2022-05-22 20:32:46
load_categorii,2022-05-22 20:32:46
load_autori,2022-05-22 20:32:46
load_edituri,2022-05-22 20:32:46
load_categorii,2022-05-22 20:32:46
load_autori,2022-05-22 20:32:46
load_edituri,2022-05-22 20:32:46
load_categorii,2022-05-22 20:32:46
load_autori,2022-05-22 20:32:46
load_edituri,2022-05-22 20:32:46
load_categorii,2022-05-22 20:32:46
load_autori,2022-05-22 20:32:46
load_edituri,2022-05-22 20:32:46
load_categorii,2022-05-22 20:32:46
load_cartii,2022-05-22 20:32:46
load_autori,2022-05-22 20:32:46
load_edituri,2022-05-22 20:32:46
load_categorii,2022-05-22 20:32:46
load_autori,2022-05-22 20:32:46
load_edituri,2022-05-22 20:32:46
load_categorii,2022-05-22 20:32:46
load_autori,2022-05-22 20:32:46
load_edituri,2022-05-22 20:32:46
load_categorii,2022-05-22 20:32:46
load_autori,2022-05-22 20:32:46
load_edituri,2022-05-22 20:32:46
load_categorii,2022-05-22 20:32:46
load_autori,2022-05-22 20:32:46
load_edituri,2022-05-22 20:32:46
load_categorii,2022-05-22 20:32:46
load_cartii,2022-05-22 20:32:46
load_clienti,2022-05-22 20:32:46
load_autori,2022-05-22 20:32:46
load_edituri,2022-05-22 20:32:46
load_categorii,2022-05-22 20:32:46
load_autori,2022-05-22 20:32:46
load_edituri,2022-05-22 20:32:46
load_categorii,2022-05-22 20:32:46
load_autori,2022-05-22 20:32:46
load_edituri,2022-05-22 20:32:46
load_categorii,2022-05-22 20:32:46
load_autori,2022-05-22 20:32:46
load_edituri,2022-05-22 20:32:46
load_categorii,2022-05-22 20:32:46
load_autori,2022-05-22 20:32:46
load_edituri,2022-05-22 20:32:46
load_categorii,2022-05-22 20:32:46
load_cartii,2022-05-22 20:32:46
load_clienti,2022-05-22 20:32:46
load_autori,2022-05-22 20:32:46
load_edituri,2022-05-22 20:32:46
load_categorii,2022-05-22 20:32:46
load_autori,2022-05-22 20:32:46
load_edituri,2022-05-22 20:32:46
load_categorii,2022-05-22 20:32:46
load_autori,2022-05-22 20:32:46
load_edituri,2022-05-22 20:32:46
load_categorii,2022-05-22 20:32:46
load_autori,2022-05-22 20:32:46
load_edituri,2022-05-22 20:32:46
load_categorii,2022-05-22 20:32:46
load_autori,2022-05-22 20:32:46
load_edituri,2022-05-22 20:32:46
load_categorii,2022-05-22 20:32:46
load_cartii,2022-05-22 20:32:46
load_clienti,2022-05-22 20:32:46
load_autori,2022-05-22 20:32:46
load_edituri,2022-05-22 20:32:46
load_categorii,2022-05-22 20:32:46
load_autori,2022-05-22 20:32:46
load_edituri,2022-05-22 20:32:46
load_categorii,2022-05-22 20:32:46
load_autori,2022-05-22 20:32:46
load_edituri,2022-05-22 20:32:46
load_categorii,2022-05-22 20:32:46
load_autori,2022-05-22 20:32:46
load_edituri,2022-05-22 20:32:46
load_categorii,2022-05-22 20:32:46
load_autori,2022-05-22 20:32:46
load_edituri,2022-05-22 20:32:46
load_categorii,2022-05-22 20:32:46
load_cartii,2022-05-22 20:32:46
load_clienti,2022-05-22 20:32:46
load_cartiImprumutate,2022-05-22 20:32:46
load_autori,2022-05-22 20:32:46
load_categorii,2022-05-22 20:32:46
load_edituri,2022-05-22 20:32:46
load_clienti,2022-05-22 20:32:46
load_autori,2022-05-22 20:34:57
load_edituri,2022-05-22 20:34:57
load_categorii,2022-05-22 20:34:57
load_autori,2022-05-22 20:34:57
load_edituri,2022-05-22 20:34:57
load_categorii,2022-05-22 20:34:57
load_autori,2022-05-22 20:34:57
load_edituri,2022-05-22 20:34:57
load_categorii,2022-05-22 20:34:57
load_autori,2022-05-22 20:34:57
load_edituri,2022-05-22 20:34:57
load_categorii,2022-05-22 20:34:57
load_autori,2022-05-22 20:34:57
load_edituri,2022-05-22 20:34:57
load_categorii,2022-05-22 20:34:57
load_cartii,2022-05-22 20:34:57
load_autori,2022-05-22 20:34:57
load_edituri,2022-05-22 20:34:57
load_categorii,2022-05-22 20:34:57
load_autori,2022-05-22 20:34:57
load_edituri,2022-05-22 20:34:57
load_categorii,2022-05-22 20:34:57
load_autori,2022-05-22 20:34:57
load_edituri,2022-05-22 20:34:57
load_categorii,2022-05-22 20:34:57
load_autori,2022-05-22 20:34:57
load_edituri,2022-05-22 20:34:57
load_categorii,2022-05-22 20:34:57
load_autori,2022-05-22 20:34:57
load_edituri,2022-05-22 20:34:57
load_categorii,2022-05-22 20:34:57
load_cartii,2022-05-22 20:34:57
load_clienti,2022-05-22 20:34:57
load_autori,2022-05-22 20:34:57
load_edituri,2022-05-22 20:34:57
load_categorii,2022-05-22 20:34:57
load_autori,2022-05-22 20:34:57
load_edituri,2022-05-22 20:34:57
load_categorii,2022-05-22 20:34:57
load_autori,2022-05-22 20:34:57
load_edituri,2022-05-22 20:34:57
load_categorii,2022-05-22 20:34:57
load_autori,2022-05-22 20:34:57
load_edituri,2022-05-22 20:34:57
load_categorii,2022-05-22 20:34:57
load_autori,2022-05-22 20:34:57
load_edituri,2022-05-22 20:34:57
load_categorii,2022-05-22 20:34:57
load_cartii,2022-05-22 20:34:57
load_clienti,2022-05-22 20:34:57
load_autori,2022-05-22 20:34:57
load_edituri,2022-05-22 20:34:57
load_categorii,2022-05-22 20:34:57
load_autori,2022-05-22 20:34:57
load_edituri,2022-05-22 20:34:57
load_categorii,2022-05-22 20:34:57
load_autori,2022-05-22 20:34:57
load_edituri,2022-05-22 20:34:57
load_categorii,2022-05-22 20:34:57
load_autori,2022-05-22 20:34:57
load_edituri,2022-05-22 20:34:57
load_categorii,2022-05-22 20:34:57
load_autori,2022-05-22 20:34:57
load_edituri,2022-05-22 20:34:57
load_categorii,2022-05-22 20:34:57
load_cartii,2022-05-22 20:34:57
load_clienti,2022-05-22 20:34:57
load_autori,2022-05-22 20:34:57
load_edituri,2022-05-22 20:34:57
load_categorii,2022-05-22 20:34:57
load_autori,2022-05-22 20:34:57
load_edituri,2022-05-22 20:34:57
load_categorii,2022-05-22 20:34:57
load_autori,2022-05-22 20:34:57
load_edituri,2022-05-22 20:34:57
load_categorii,2022-05-22 20:34:57
load_autori,2022-05-22 20:34:57
load_edituri,2022-05-22 20:34:57
load_categorii,2022-05-22 20:34:57
load_autori,2022-05-22 20:34:57
load_edituri,2022-05-22 20:34:57
load_categorii,2022-05-22 20:34:57
load_cartii,2022-05-22 20:34:57
load_clienti,2022-05-22 20:34:57
load_cartiImprumutate,2022-05-22 20:34:57
load_autori,2022-05-22 20:34:57
load_categorii,2022-05-22 20:34:57
load_edituri,2022-05-22 20:34:57
load_clienti,2022-05-22 20:34:57
load_autori,2022-05-22 20:36:23
load_edituri,2022-05-22 20:36:23
load_categorii,2022-05-22 20:36:23
load_autori,2022-05-22 20:36:23
load_edituri,2022-05-22 20:36:23
load_categorii,2022-05-22 20:36:23
load_autori,2022-05-22 20:36:23
load_edituri,2022-05-22 20:36:23
load_categorii,2022-05-22 20:36:23
load_autori,2022-05-22 20:36:23
load_edituri,2022-05-22 20:36:23
load_categorii,2022-05-22 20:36:23
load_autori,2022-05-22 20:36:23
load_edituri,2022-05-22 20:36:23
load_categorii,2022-05-22 20:36:23
load_cartii,2022-05-22 20:36:23
load_autori,2022-05-22 20:36:23
load_edituri,2022-05-22 20:36:23
load_categorii,2022-05-22 20:36:23
load_autori,2022-05-22 20:36:23
load_edituri,2022-05-22 20:36:23
load_categorii,2022-05-22 20:36:23
load_autori,2022-05-22 20:36:23
load_edituri,2022-05-22 20:36:23
load_categorii,2022-05-22 20:36:23
load_autori,2022-05-22 20:36:23
load_edituri,2022-05-22 20:36:23
load_categorii,2022-05-22 20:36:23
load_autori,2022-05-22 20:36:23
load_edituri,2022-05-22 20:36:23
load_categorii,2022-05-22 20:36:23
load_cartii,2022-05-22 20:36:23
load_clienti,2022-05-22 20:36:23
load_autori,2022-05-22 20:36:23
load_edituri,2022-05-22 20:36:23
load_categorii,2022-05-22 20:36:23
load_autori,2022-05-22 20:36:23
load_edituri,2022-05-22 20:36:23
load_categorii,2022-05-22 20:36:23
load_autori,2022-05-22 20:36:23
load_edituri,2022-05-22 20:36:23
load_categorii,2022-05-22 20:36:23
load_autori,2022-05-22 20:36:23
load_edituri,2022-05-22 20:36:23
load_categorii,2022-05-22 20:36:23
load_autori,2022-05-22 20:36:23
load_edituri,2022-05-22 20:36:23
load_categorii,2022-05-22 20:36:23
load_cartii,2022-05-22 20:36:23
load_clienti,2022-05-22 20:36:23
load_autori,2022-05-22 20:36:23
load_edituri,2022-05-22 20:36:23
load_categorii,2022-05-22 20:36:23
load_autori,2022-05-22 20:36:23
load_edituri,2022-05-22 20:36:23
load_categorii,2022-05-22 20:36:23
load_autori,2022-05-22 20:36:23
load_edituri,2022-05-22 20:36:23
load_categorii,2022-05-22 20:36:23
load_autori,2022-05-22 20:36:23
load_edituri,2022-05-22 20:36:23
load_categorii,2022-05-22 20:36:23
load_autori,2022-05-22 20:36:23
load_edituri,2022-05-22 20:36:23
load_categorii,2022-05-22 20:36:23
load_cartii,2022-05-22 20:36:23
load_clienti,2022-05-22 20:36:23
load_autori,2022-05-22 20:36:23
load_edituri,2022-05-22 20:36:23
load_categorii,2022-05-22 20:36:23
load_autori,2022-05-22 20:36:23
load_edituri,2022-05-22 20:36:23
load_categorii,2022-05-22 20:36:23
load_autori,2022-05-22 20:36:23
load_edituri,2022-05-22 20:36:23
load_categorii,2022-05-22 20:36:23
load_autori,2022-05-22 20:36:23
load_edituri,2022-05-22 20:36:23
load_categorii,2022-05-22 20:36:23
load_autori,2022-05-22 20:36:23
load_edituri,2022-05-22 20:36:23
load_categorii,2022-05-22 20:36:23
load_cartii,2022-05-22 20:36:23
load_clienti,2022-05-22 20:36:23
load_cartiImprumutate,2022-05-22 20:36:23
load_autori,2022-05-22 20:36:23
load_categorii,2022-05-22 20:36:23
load_edituri,2022-05-22 20:36:23
load_clienti,2022-05-22 20:36:23
load_autori,2022-05-22 20:37:16
load_edituri,2022-05-22 20:37:16
load_categorii,2022-05-22 20:37:16
load_autori,2022-05-22 20:37:16
load_edituri,2022-05-22 20:37:16
load_categorii,2022-05-22 20:37:16
load_autori,2022-05-22 20:37:16
load_edituri,2022-05-22 20:37:16
load_categorii,2022-05-22 20:37:16
load_autori,2022-05-22 20:37:16
load_edituri,2022-05-22 20:37:16
load_categorii,2022-05-22 20:37:16
load_autori,2022-05-22 20:37:16
load_edituri,2022-05-22 20:37:16
load_categorii,2022-05-22 20:37:16
load_cartii,2022-05-22 20:37:16
load_autori,2022-05-22 20:37:16
load_edituri,2022-05-22 20:37:16
load_categorii,2022-05-22 20:37:16
load_autori,2022-05-22 20:37:16
load_edituri,2022-05-22 20:37:16
load_categorii,2022-05-22 20:37:16
load_autori,2022-05-22 20:37:16
load_edituri,2022-05-22 20:37:16
load_categorii,2022-05-22 20:37:16
load_autori,2022-05-22 20:37:16
load_edituri,2022-05-22 20:37:16
load_categorii,2022-05-22 20:37:16
load_autori,2022-05-22 20:37:16
load_edituri,2022-05-22 20:37:16
load_categorii,2022-05-22 20:37:16
load_cartii,2022-05-22 20:37:16
load_clienti,2022-05-22 20:37:16
load_autori,2022-05-22 20:37:16
load_edituri,2022-05-22 20:37:16
load_categorii,2022-05-22 20:37:16
load_autori,2022-05-22 20:37:16
load_edituri,2022-05-22 20:37:16
load_categorii,2022-05-22 20:37:16
load_autori,2022-05-22 20:37:16
load_edituri,2022-05-22 20:37:16
load_categorii,2022-05-22 20:37:16
load_autori,2022-05-22 20:37:16
load_edituri,2022-05-22 20:37:16
load_categorii,2022-05-22 20:37:16
load_autori,2022-05-22 20:37:16
load_edituri,2022-05-22 20:37:16
load_categorii,2022-05-22 20:37:16
load_cartii,2022-05-22 20:37:16
load_clienti,2022-05-22 20:37:16
load_autori,2022-05-22 20:37:16
load_edituri,2022-05-22 20:37:16
load_categorii,2022-05-22 20:37:16
load_autori,2022-05-22 20:37:16
load_edituri,2022-05-22 20:37:16
load_categorii,2022-05-22 20:37:16
load_autori,2022-05-22 20:37:16
load_edituri,2022-05-22 20:37:16
load_categorii,2022-05-22 20:37:16
load_autori,2022-05-22 20:37:16
load_edituri,2022-05-22 20:37:16
load_categorii,2022-05-22 20:37:16
load_autori,2022-05-22 20:37:16
load_edituri,2022-05-22 20:37:16
load_categorii,2022-05-22 20:37:16
load_cartii,2022-05-22 20:37:16
load_clienti,2022-05-22 20:37:16
load_autori,2022-05-22 20:37:16
load_edituri,2022-05-22 20:37:16
load_categorii,2022-05-22 20:37:16
load_autori,2022-05-22 20:37:16
load_edituri,2022-05-22 20:37:16
load_categorii,2022-05-22 20:37:16
load_autori,2022-05-22 20:37:16
load_edituri,2022-05-22 20:37:16
load_categorii,2022-05-22 20:37:16
load_autori,2022-05-22 20:37:16
load_edituri,2022-05-22 20:37:16
load_categorii,2022-05-22 20:37:16
load_autori,2022-05-22 20:37:16
load_edituri,2022-05-22 20:37:16
load_categorii,2022-05-22 20:37:16
load_cartii,2022-05-22 20:37:16
load_clienti,2022-05-22 20:37:16
load_cartiImprumutate,2022-05-22 20:37:16
load_autori,2022-05-22 20:37:16
load_categorii,2022-05-22 20:37:16
load_edituri,2022-05-22 20:37:16
load_clienti,2022-05-22 20:37:16
add_clienti,2022-05-22 20:39:00
load_autori,2022-05-22 21:31:07
load_edituri,2022-05-22 21:31:07
load_categorii,2022-05-22 21:31:07
load_autori,2022-05-22 21:31:07
load_edituri,2022-05-22 21:31:07
load_categorii,2022-05-22 21:31:07
load_autori,2022-05-22 21:31:07
load_edituri,2022-05-22 21:31:07
load_categorii,2022-05-22 21:31:07
load_autori,2022-05-22 21:31:07
load_edituri,2022-05-22 21:31:07
load_categorii,2022-05-22 21:31:07
load_autori,2022-05-22 21:31:07
load_edituri,2022-05-22 21:31:07
load_categorii,2022-05-22 21:31:07
load_cartii,2022-05-22 21:31:07
load_autori,2022-05-22 21:31:07
load_edituri,2022-05-22 21:31:07
load_categorii,2022-05-22 21:31:07
load_autori,2022-05-22 21:31:07
load_edituri,2022-05-22 21:31:07
load_categorii,2022-05-22 21:31:07
load_autori,2022-05-22 21:31:07
load_edituri,2022-05-22 21:31:07
load_categorii,2022-05-22 21:31:07
load_autori,2022-05-22 21:31:07
load_edituri,2022-05-22 21:31:07
load_categorii,2022-05-22 21:31:07
load_autori,2022-05-22 21:31:07
load_edituri,2022-05-22 21:31:07
load_categorii,2022-05-22 21:31:07
load_cartii,2022-05-22 21:31:07
load_clienti,2022-05-22 21:31:07
load_autori,2022-05-22 21:31:07
load_edituri,2022-05-22 21:31:07
load_categorii,2022-05-22 21:31:07
load_autori,2022-05-22 21:31:07
load_edituri,2022-05-22 21:31:07
load_categorii,2022-05-22 21:31:07
load_autori,2022-05-22 21:31:07
load_edituri,2022-05-22 21:31:07
load_categorii,2022-05-22 21:31:07
load_autori,2022-05-22 21:31:07
load_edituri,2022-05-22 21:31:07
load_categorii,2022-05-22 21:31:07
load_autori,2022-05-22 21:31:07
load_edituri,2022-05-22 21:31:07
load_categorii,2022-05-22 21:31:07
load_cartii,2022-05-22 21:31:07
load_clienti,2022-05-22 21:31:07
load_autori,2022-05-22 21:31:07
load_edituri,2022-05-22 21:31:07
load_categorii,2022-05-22 21:31:07
load_autori,2022-05-22 21:31:07
load_edituri,2022-05-22 21:31:07
load_categorii,2022-05-22 21:31:07
load_autori,2022-05-22 21:31:07
load_edituri,2022-05-22 21:31:07
load_categorii,2022-05-22 21:31:07
load_autori,2022-05-22 21:31:07
load_edituri,2022-05-22 21:31:07
load_categorii,2022-05-22 21:31:07
load_autori,2022-05-22 21:31:07
load_edituri,2022-05-22 21:31:07
load_categorii,2022-05-22 21:31:07
load_cartii,2022-05-22 21:31:07
load_clienti,2022-05-22 21:31:07
load_autori,2022-05-22 21:31:07
load_edituri,2022-05-22 21:31:07
load_categorii,2022-05-22 21:31:07
load_autori,2022-05-22 21:31:07
load_edituri,2022-05-22 21:31:07
load_categorii,2022-05-22 21:31:07
load_autori,2022-05-22 21:31:07
load_edituri,2022-05-22 21:31:07
load_categorii,2022-05-22 21:31:07
load_autori,2022-05-22 21:31:07
load_edituri,2022-05-22 21:31:07
load_categorii,2022-05-22 21:31:07
load_autori,2022-05-22 21:31:07
load_edituri,2022-05-22 21:31:07
load_categorii,2022-05-22 21:31:07
load_cartii,2022-05-22 21:31:07
load_clienti,2022-05-22 21:31:07
load_cartiImprumutate,2022-05-22 21:31:07
load_autori,2022-05-22 21:31:07
load_categorii,2022-05-22 21:31:07
load_edituri,2022-05-22 21:31:07
load_clienti,2022-05-22 21:31:07
